<prezi xsi:schemaLocation="http://prezi.com/schema/prezi/2 http://prezi.com/schema/prezi/2" xmlns:xsi="http://www.w3.org/2001/XMLSchema-instance" version="2" xmlns="http://prezi.com/schema/prezi/2"><xFields><xField name="preziType"><xEnum type="PreziType" value="converted-from-core"/></xField></xFields><background><background><layers><array><backgroundImage><assetSourceFilename><string value="lightbulb.jpg"/></assetSourceFilename><depth><double value="10.09706932518913"/></depth><fadeScale><double value="0.2178850049599707"/></fadeScale><height><double value="2250"/></height><localToWorld><transform2D x="-274.313444642564" y="9401.638364057464" scale="15.404179401111339" rotation="0"/></localToWorld><onlineAssetId><string value="184780650"/></onlineAssetId><onlineAssetUrl><string value="http://0103.static.prezi.com.s3.amazonaws.com/media/8/0/c/fe87ea529e9189f25ac7d436bde9ac8a4d75e.jpg"/></onlineAssetUrl><width><double value="3000"/></width></backgroundImage></array></layers></background></background><documentStyle><documentStyle><fontClasses><array><fontClass><fontFamily><string value="Cabin"/></fontFamily><name><string value="body"/></name></fontClass><fontClass><fontFamily><string value="KaushanScript"/></fontFamily><name><string value="custom-kaushanscript"/></name></fontClass><fontClass><fontFamily><string value="Cabin"/></fontFamily><fontWeight><fontWeight value="bold"/></fontWeight><name><string value="head"/></name></fontClass><fontClass><fontFamily><string value="Cabin"/></fontFamily><fontStyle><fontStyle value="italic"/></fontStyle><fontWeight><fontWeight value="bold"/></fontWeight><name><string value="strong"/></name></fontClass></array></fontClasses><fontFamilies><array><fontFamily><fontFaces><array><fontFace><fontSrc><string value="Cabin-Regular.keg"/></fontSrc></fontFace><fontFace><fontSrc><string value="Cabin-Bold.keg"/></fontSrc><fontWeight><fontWeight value="bold"/></fontWeight></fontFace><fontFace><fontSrc><string value="Cabin-BoldItalic.keg"/></fontSrc><fontStyle><fontStyle value="italic"/></fontStyle><fontWeight><fontWeight value="bold"/></fontWeight></fontFace><fontFace><fontSrc><string value="Cabin-Italic.keg"/></fontSrc><fontStyle><fontStyle value="italic"/></fontStyle></fontFace></array></fontFaces><name><string value="Cabin"/></name></fontFamily><fontFamily><fontFaces><array><fontFace><fontSrc><string value="KaushanScript-Regular.keg"/></fontSrc></fontFace></array></fontFaces><name><string value="KaushanScript"/></name></fontFamily></array></fontFamilies><styleDeclarations><array><styleDeclaration><styleBlock><styleBlock><gradEndAlpha><double value="0.7"/></gradEndAlpha><gradStartAlpha><double value="0.5"/></gradStartAlpha></styleBlock></styleBlock><styleSelector><simpleSelector value="zCircle"/></styleSelector></styleDeclaration><styleDeclaration><styleBlock><styleBlock><color><color value="#AB3E48"/></color><fillType><fillType value="linear"/></fillType><gradEndColor><color value="#AB3E48"/></gradEndColor><gradStartColor><color value="#AB3E48"/></gradStartColor></styleBlock></styleBlock><styleSelector><simpleSelector value="*.line1"/></styleSelector></styleDeclaration><styleDeclaration><styleBlock><styleBlock><color><color value="#E74C3C"/></color><fillType><fillType value="linear"/></fillType><gradEndColor><color value="#E74C3C"/></gradEndColor><gradStartColor><color value="#E74C3C"/></gradStartColor></styleBlock></styleBlock><styleSelector><simpleSelector value="*.line2"/></styleSelector></styleDeclaration><styleDeclaration><styleBlock><styleBlock><color><color value="#ECF0F1"/></color><fillType><fillType value="linear"/></fillType><gradEndColor><color value="#ECF0F1"/></gradEndColor><gradStartColor><color value="#ECF0F1"/></gradStartColor></styleBlock></styleBlock><styleSelector><simpleSelector value="*.line3"/></styleSelector></styleDeclaration><styleDeclaration><styleBlock><styleBlock><color><color value="#3A91FB"/></color><fillType><fillType value="linear"/></fillType><gradEndColor><color value="#3A91FB"/></gradEndColor><gradStartColor><color value="#3A91FB"/></gradStartColor></styleBlock></styleBlock><styleSelector><simpleSelector value="*.line4"/></styleSelector></styleDeclaration><styleDeclaration><styleBlock><styleBlock><color><color value="#226CCC"/></color><fillType><fillType value="linear"/></fillType><gradEndColor><color value="#226CCC"/></gradEndColor><gradStartColor><color value="#226CCC"/></gradStartColor></styleBlock></styleBlock><styleSelector><simpleSelector value="*.line5"/></styleSelector></styleDeclaration><styleDeclaration><styleBlock><styleBlock><color><color value="#2C3E50"/></color><fillType><fillType value="linear"/></fillType><gradEndColor><color value="#AB3E48"/></gradEndColor><gradStartColor><color value="#AB3E48"/></gradStartColor></styleBlock></styleBlock><styleSelector><simpleSelector value="*.poly1"/></styleSelector></styleDeclaration><styleDeclaration><styleBlock><styleBlock><fillType><fillType value="linear"/></fillType><gradEndColor><color value="#E74C3C"/></gradEndColor><gradStartColor><color value="#E74C3C"/></gradStartColor></styleBlock></styleBlock><styleSelector><simpleSelector value="*.poly2"/></styleSelector></styleDeclaration><styleDeclaration><styleBlock><styleBlock><color><color value="#2C3E50"/></color><fillType><fillType value="linear"/></fillType><gradEndColor><color value="#ECF0F1"/></gradEndColor><gradStartColor><color value="#ECF0F1"/></gradStartColor></styleBlock></styleBlock><styleSelector><simpleSelector value="*.poly3"/></styleSelector></styleDeclaration><styleDeclaration><styleBlock><styleBlock><color><color value="#2C3E50"/></color><fillType><fillType value="linear"/></fillType><gradEndColor><color value="#3A91FB"/></gradEndColor><gradStartColor><color value="#3A91FB"/></gradStartColor></styleBlock></styleBlock><styleSelector><simpleSelector value="*.poly4"/></styleSelector></styleDeclaration><styleDeclaration><styleBlock><styleBlock><fillType><fillType value="linear"/></fillType><gradEndColor><color value="#226CCC"/></gradEndColor><gradStartColor><color value="#226CCC"/></gradStartColor></styleBlock></styleBlock><styleSelector><simpleSelector value="*.poly5"/></styleSelector></styleDeclaration><styleDeclaration><styleBlock><styleBlock><fillType><fillType value="linear"/></fillType><gradEndColor><color value="#2C3E50"/></gradEndColor><gradStartColor><color value="#2C3E50"/></gradStartColor></styleBlock></styleBlock><styleSelector><simpleSelector value="background"/></styleSelector></styleDeclaration><styleDeclaration><styleBlock><styleBlock><borderAlpha><double value="0"/></borderAlpha><borderThickness><double value="0"/></borderThickness><gradEndAlpha><double value="1"/></gradEndAlpha><gradStartAlpha><double value="1"/></gradStartAlpha><thickness><double value="7"/></thickness></styleBlock></styleBlock><styleSelector><simpleSelector value="zArrow"/></styleSelector></styleDeclaration><styleDeclaration><styleBlock><styleBlock><borderAlpha><double value="1"/></borderAlpha><gradEndAlpha><double value="1"/></gradEndAlpha><gradStartAlpha><double value="1"/></gradStartAlpha><radius><double value="0"/></radius><thickness><double value="100"/></thickness></styleBlock></styleBlock><styleSelector><simpleSelector value="zCircle"/></styleSelector></styleDeclaration><styleDeclaration><styleBlock><styleBlock><color><color value="#581B80"/></color></styleBlock></styleBlock><styleSelector><simpleSelector value="zPencil"/></styleSelector></styleDeclaration><styleDeclaration><styleBlock><styleBlock><borderAlpha><double value="0"/></borderAlpha><borderThickness><double value="0"/></borderThickness><fillType><fillType value="linear"/></fillType><gradEndAlpha><double value="1"/></gradEndAlpha><gradEndColor><color value="#AB3E48"/></gradEndColor><gradStartAlpha><double value="1"/></gradStartAlpha><gradStartColor><color value="#AB3E48"/></gradStartColor><padding><double value="1.03"/></padding><thickness><double value="8"/></thickness></styleBlock></styleBlock><styleSelector><simpleSelector value="zBracketFrame"/></styleSelector></styleDeclaration><styleDeclaration><styleBlock><styleBlock><borderAlpha><double value="0"/></borderAlpha><borderThickness><double value="0"/></borderThickness><fillType><fillType value="linear"/></fillType><gradEndAlpha><double value="1"/></gradEndAlpha><gradEndColor><color value="#EA4B3D"/></gradEndColor><gradStartAlpha><double value="1"/></gradStartAlpha><gradStartColor><color value="#EA4B3D"/></gradStartColor><padding><double value="1.03"/></padding><thickness><double value="8"/></thickness></styleBlock></styleBlock><styleSelector><simpleSelector value="zCircleFrame"/></styleSelector></styleDeclaration><styleDeclaration><styleBlock><styleBlock><borderAlpha><double value="0.8"/></borderAlpha><borderColor><color value="#226CCC"/></borderColor><borderThickness><double value="25"/></borderThickness><fillType><fillType value="linear"/></fillType><gradEndAlpha><double value="0.6"/></gradEndAlpha><gradEndColor><color value="#226CCC"/></gradEndColor><gradStartAlpha><double value="0.6"/></gradStartAlpha><gradStartColor><color value="#226CCC"/></gradStartColor><padding><double value="1.03"/></padding><radius><double value="3"/></radius></styleBlock></styleBlock><styleSelector><simpleSelector value="zRectangleFrame"/></styleSelector></styleDeclaration><styleDeclaration><styleBlock><styleBlock><padding><double value="1.2"/></padding></styleBlock></styleBlock><styleSelector><simpleSelector value="zText"/></styleSelector></styleDeclaration><styleDeclaration><styleBlock><styleBlock><color><color value="#C5C3C3"/></color><fontClass><string value="body"/></fontClass></styleBlock></styleBlock><styleSelector><simpleSelector value="zText.body"/></styleSelector></styleDeclaration><styleDeclaration><styleBlock><styleBlock><backgroundAlpha><double value="0.7"/></backgroundAlpha><backgroundColor><color value="#E74C3C"/></backgroundColor><backgroundPadding><double value="5"/></backgroundPadding></styleBlock></styleBlock><styleSelector><simpleSelector value="zText.body-background"/></styleSelector></styleDeclaration><styleDeclaration><styleBlock><styleBlock><color><color value="#000000"/></color><fontClass><string value="head"/></fontClass></styleBlock></styleBlock><styleSelector><simpleSelector value="zText.title"/></styleSelector></styleDeclaration><styleDeclaration><styleBlock><styleBlock><backgroundAlpha><double value="0.8"/></backgroundAlpha><backgroundColor><color value="#3A91FB"/></backgroundColor><backgroundPadding><double value="5"/></backgroundPadding></styleBlock></styleBlock><styleSelector><simpleSelector value="zText.title-background"/></styleSelector></styleDeclaration><styleDeclaration><styleBlock><styleBlock><color><color value="#194A99"/></color><fontClass><string value="strong"/></fontClass></styleBlock></styleBlock><styleSelector><simpleSelector value="zText.subtitle"/></styleSelector></styleDeclaration><styleDeclaration><styleBlock><styleBlock><backgroundAlpha><double value="0.7"/></backgroundAlpha><backgroundColor><color value="#E74C3C"/></backgroundColor><backgroundPadding><double value="5"/></backgroundPadding></styleBlock></styleBlock><styleSelector><simpleSelector value="zText.subtitle-background"/></styleSelector></styleDeclaration><styleDeclaration><styleBlock><styleBlock><gradEndAlpha><double value="1"/></gradEndAlpha><gradStartAlpha><double value="1"/></gradStartAlpha></styleBlock></styleBlock><styleSelector><simpleSelector value="zLine"/></styleSelector></styleDeclaration><styleDeclaration><styleBlock><styleBlock><alpha><double value="0.75"/></alpha><color><color value="#22E1A1"/></color></styleBlock></styleBlock><styleSelector><simpleSelector value="zMarker"/></styleSelector></styleDeclaration><styleDeclaration><styleBlock><styleBlock><borderAlpha><double value="0"/></borderAlpha><borderThickness><double value="0"/></borderThickness><gradEndAlpha><double value="1"/></gradEndAlpha><gradStartAlpha><double value="1"/></gradStartAlpha><radius><double value="15"/></radius><thickness><double value="100"/></thickness></styleBlock></styleBlock><styleSelector><simpleSelector value="zTriangle"/></styleSelector></styleDeclaration><styleDeclaration><styleBlock><styleBlock><borderAlpha><double value="0"/></borderAlpha><borderThickness><double value="0"/></borderThickness><gradEndAlpha><double value="1"/></gradEndAlpha><gradStartAlpha><double value="1"/></gradStartAlpha><radius><double value="15"/></radius><thickness><double value="100"/></thickness></styleBlock></styleBlock><styleSelector><simpleSelector value="zSquare"/></styleSelector></styleDeclaration><styleDeclaration><styleBlock><styleBlock><borderColor><color value="#333333"/></borderColor></styleBlock></styleBlock><styleSelector><simpleSelector value="#1"/></styleSelector></styleDeclaration><styleDeclaration><styleBlock><styleBlock><borderColor><color value="#AB3E48"/></borderColor><thickness><double value="8"/></thickness></styleBlock></styleBlock><styleSelector><simpleSelector value="#10"/></styleSelector></styleDeclaration><styleDeclaration><styleBlock><styleBlock><fontClass><string value="custom-kaushanscript"/></fontClass></styleBlock></styleBlock><styleSelector><simpleSelector value="#14"/></styleSelector></styleDeclaration><styleDeclaration><styleBlock><styleBlock><thickness><double value="8"/></thickness></styleBlock></styleBlock><styleSelector><simpleSelector value="#16"/></styleSelector></styleDeclaration><styleDeclaration><styleBlock><styleBlock><thickness><double value="8"/></thickness></styleBlock></styleBlock><styleSelector><simpleSelector value="#17"/></styleSelector></styleDeclaration><styleDeclaration><styleBlock><styleBlock><thickness><double value="8"/></thickness></styleBlock></styleBlock><styleSelector><simpleSelector value="#18"/></styleSelector></styleDeclaration><styleDeclaration><styleBlock><styleBlock><thickness><double value="8"/></thickness></styleBlock></styleBlock><styleSelector><simpleSelector value="#19"/></styleSelector></styleDeclaration><styleDeclaration><styleBlock><styleBlock><borderColor><color value="#333333"/></borderColor></styleBlock></styleBlock><styleSelector><simpleSelector value="#2"/></styleSelector></styleDeclaration><styleDeclaration><styleBlock><styleBlock><thickness><double value="8"/></thickness></styleBlock></styleBlock><styleSelector><simpleSelector value="#20"/></styleSelector></styleDeclaration><styleDeclaration><styleBlock><styleBlock><thickness><double value="8"/></thickness></styleBlock></styleBlock><styleSelector><simpleSelector value="#21"/></styleSelector></styleDeclaration><styleDeclaration><styleBlock><styleBlock><thickness><double value="8"/></thickness></styleBlock></styleBlock><styleSelector><simpleSelector value="#22"/></styleSelector></styleDeclaration><styleDeclaration><styleBlock><styleBlock><thickness><double value="8"/></thickness></styleBlock></styleBlock><styleSelector><simpleSelector value="#23"/></styleSelector></styleDeclaration><styleDeclaration><styleBlock><styleBlock><thickness><double value="8"/></thickness></styleBlock></styleBlock><styleSelector><simpleSelector value="#24"/></styleSelector></styleDeclaration><styleDeclaration><styleBlock><styleBlock><fontClass><string value="custom-kaushanscript"/></fontClass></styleBlock></styleBlock><styleSelector><simpleSelector value="#27"/></styleSelector></styleDeclaration><styleDeclaration><styleBlock><styleBlock><borderColor><color value="#333333"/></borderColor></styleBlock></styleBlock><styleSelector><simpleSelector value="#3"/></styleSelector></styleDeclaration><styleDeclaration><styleBlock><styleBlock><borderColor><color value="#333333"/></borderColor></styleBlock></styleBlock><styleSelector><simpleSelector value="#37"/></styleSelector></styleDeclaration><styleDeclaration><styleBlock><styleBlock><borderColor><color value="#ECF0F1"/></borderColor><thickness><double value="8"/></thickness></styleBlock></styleBlock><styleSelector><simpleSelector value="#38"/></styleSelector></styleDeclaration><styleDeclaration><styleBlock><styleBlock><borderColor><color value="#333333"/></borderColor></styleBlock></styleBlock><styleSelector><simpleSelector value="#4"/></styleSelector></styleDeclaration><styleDeclaration><styleBlock><styleBlock><borderColor><color value="#333333"/></borderColor></styleBlock></styleBlock><styleSelector><simpleSelector value="#40"/></styleSelector></styleDeclaration><styleDeclaration><styleBlock><styleBlock><borderColor><color value="#ECF0F1"/></borderColor><thickness><double value="8"/></thickness></styleBlock></styleBlock><styleSelector><simpleSelector value="#41"/></styleSelector></styleDeclaration><styleDeclaration><styleBlock><styleBlock><borderColor><color value="#333333"/></borderColor></styleBlock></styleBlock><styleSelector><simpleSelector value="#5"/></styleSelector></styleDeclaration><styleDeclaration><styleBlock><styleBlock><thickness><double value="8"/></thickness></styleBlock></styleBlock><styleSelector><simpleSelector value="#51"/></styleSelector></styleDeclaration><styleDeclaration><styleBlock><styleBlock><thickness><double value="8"/></thickness></styleBlock></styleBlock><styleSelector><simpleSelector value="#52"/></styleSelector></styleDeclaration><styleDeclaration><styleBlock><styleBlock><thickness><double value="8"/></thickness></styleBlock></styleBlock><styleSelector><simpleSelector value="#53"/></styleSelector></styleDeclaration><styleDeclaration><styleBlock><styleBlock><thickness><double value="8"/></thickness></styleBlock></styleBlock><styleSelector><simpleSelector value="#55"/></styleSelector></styleDeclaration><styleDeclaration><styleBlock><styleBlock><borderColor><color value="#ECF0F1"/></borderColor><thickness><double value="8"/></thickness></styleBlock></styleBlock><styleSelector><simpleSelector value="#6"/></styleSelector></styleDeclaration><styleDeclaration><styleBlock><styleBlock><borderColor><color value="#333333"/></borderColor></styleBlock></styleBlock><styleSelector><simpleSelector value="#60"/></styleSelector></styleDeclaration><styleDeclaration><styleBlock><styleBlock><borderColor><color value="#333333"/></borderColor></styleBlock></styleBlock><styleSelector><simpleSelector value="#64"/></styleSelector></styleDeclaration><styleDeclaration><styleBlock><styleBlock><borderColor><color value="#333333"/></borderColor></styleBlock></styleBlock><styleSelector><simpleSelector value="#65"/></styleSelector></styleDeclaration><styleDeclaration><styleBlock><styleBlock><borderColor><color value="#ECF0F1"/></borderColor><thickness><double value="8"/></thickness></styleBlock></styleBlock><styleSelector><simpleSelector value="#7"/></styleSelector></styleDeclaration><styleDeclaration><styleBlock><styleBlock><borderColor><color value="#C5C3C3"/></borderColor><color><color value="#C5C3C3"/></color><fillType><fillType value="linear"/></fillType><gradEndAlpha><double value="1"/></gradEndAlpha><gradEndColor><color value="#C5C3C3"/></gradEndColor><gradStartAlpha><double value="1"/></gradStartAlpha><gradStartColor><color value="#C5C3C3"/></gradStartColor><thickness><double value="7"/></thickness></styleBlock></styleBlock><styleSelector><simpleSelector value="#72"/></styleSelector></styleDeclaration><styleDeclaration><styleBlock><styleBlock><borderColor><color value="#C5C3C3"/></borderColor><color><color value="#C5C3C3"/></color><fillType><fillType value="linear"/></fillType><gradEndAlpha><double value="1"/></gradEndAlpha><gradEndColor><color value="#C5C3C3"/></gradEndColor><gradStartAlpha><double value="1"/></gradStartAlpha><gradStartColor><color value="#C5C3C3"/></gradStartColor><thickness><double value="7"/></thickness></styleBlock></styleBlock><styleSelector><simpleSelector value="#73"/></styleSelector></styleDeclaration><styleDeclaration><styleBlock><styleBlock><borderColor><color value="#C5C3C3"/></borderColor><color><color value="#C5C3C3"/></color><fillType><fillType value="linear"/></fillType><gradEndAlpha><double value="1"/></gradEndAlpha><gradEndColor><color value="#C5C3C3"/></gradEndColor><gradStartAlpha><double value="1"/></gradStartAlpha><gradStartColor><color value="#C5C3C3"/></gradStartColor><thickness><double value="7"/></thickness></styleBlock></styleBlock><styleSelector><simpleSelector value="#74"/></styleSelector></styleDeclaration><styleDeclaration><styleBlock><styleBlock><borderColor><color value="#ECF0F1"/></borderColor><thickness><double value="8"/></thickness></styleBlock></styleBlock><styleSelector><simpleSelector value="#8"/></styleSelector></styleDeclaration><styleDeclaration><styleBlock><styleBlock><borderColor><color value="#AB3E48"/></borderColor><thickness><double value="7"/></thickness></styleBlock></styleBlock><styleSelector><simpleSelector value="#88"/></styleSelector></styleDeclaration><styleDeclaration><styleBlock><styleBlock><borderColor><color value="#AB3E48"/></borderColor><thickness><double value="7"/></thickness></styleBlock></styleBlock><styleSelector><simpleSelector value="#89"/></styleSelector></styleDeclaration><styleDeclaration><styleBlock><styleBlock><borderColor><color value="#ECF0F1"/></borderColor><thickness><double value="8"/></thickness></styleBlock></styleBlock><styleSelector><simpleSelector value="#9"/></styleSelector></styleDeclaration></array></styleDeclarations></documentStyle></documentStyle><path><array><flyToObject><target><ref value="0_15277798"/></target></flyToObject><flyToObject><target><ref value="1"/></target></flyToObject><flyToObject><target><ref value="4"/></target></flyToObject><flyToObject><actions><array><fadeInObject><target><ref value="29"/></target></fadeInObject></array></actions><target><ref value="2"/></target></flyToObject><flyToObject><target><ref value="3"/></target></flyToObject><flyToObject><target><ref value="40"/></target></flyToObject><flyToObject><target><ref value="37"/></target></flyToObject><flyToObject><target><ref value="0_15277798"/></target></flyToObject><flyToObject><target><ref value="5"/></target></flyToObject><flyToObject><actions><array><fadeInObject><target><ref value="75"/></target></fadeInObject></array></actions><target><ref value="60"/></target></flyToObject><flyToObject><target><ref value="64"/></target></flyToObject><flyToObject><target><ref value="65"/></target></flyToObject><flyToObject><target><ref value="80"/></target></flyToObject><flyToObject><actions><array><fadeInObject><target><ref value="85"/></target></fadeInObject><fadeInObject><target><ref value="11_3425417"/></target></fadeInObject></array></actions><target><ref value="65"/></target></flyToObject><flyToObject><target><ref value="11_3425417"/></target></flyToObject><flyToObject><actions><array><fadeInObject><target><ref value="9_3425417"/></target></fadeInObject></array></actions><target><ref value="65"/></target></flyToObject><flyToObject><target><ref value="0_3425417"/></target></flyToObject><flyToObject><actions><array><fadeInObject><target><ref value="10_3425417"/></target></fadeInObject></array></actions><target><ref value="65"/></target></flyToObject><flyToObject><target><ref value="4_3425417"/></target></flyToObject><flyToObject><target><ref value="5"/></target></flyToObject><flyToObject><target><ref value="0_15277798"/></target></flyToObject></array></path><zObjects><array><zGroup><children><array><ref value="15"/><ref value="14"/><ref value="25"/><ref value="27"/></array></children><id><string value="29"/></id><localToWorld><transform2D x="-11202.983973808272" y="2770.419136975074" scale="8.4888056216062" rotation="-0.18014814397392095"/></localToWorld></zGroup><zGroup><children><array><ref value="31"/><ref value="32"/></array></children><id><string value="33"/></id><localToWorld><transform2D x="11047.10628471444" y="4396.931028869449" scale="16.89471412248892" rotation="0.11076523970380699"/></localToWorld></zGroup><zGroup><children><array><ref value="69"/><ref value="70"/><ref value="71"/><ref value="72"/><ref value="73"/><ref value="74"/></array></children><id><string value="75"/></id><localToWorld><transform2D x="-4044.7629033021612" y="-18434.14759636837" scale="4.697588339517618" rotation="0"/></localToWorld></zGroup><zGroup><children><array><ref value="4_3425417"/><ref value="83"/></array></children><id><string value="10_3425417"/></id><localToWorld><transform2D x="-388.7660995783135" y="-14983.471949309744" scale="4.697588339517618" rotation="0"/></localToWorld></zGroup><zGroup><children><array><ref value="86"/><ref value="88"/><ref value="89"/><ref value="90"/><ref value="91"/></array></children><id><string value="11_3425417"/></id><localToWorld><transform2D x="-688.0268733465805" y="-14789.351902149247" scale="4.697588339517618" rotation="0"/></localToWorld></zGroup><zGroup><children><array><ref value="0_3425417"/><ref value="84"/></array></children><id><string value="9_3425417"/></id><localToWorld><transform2D x="-373.12866054928236" y="-15125.371854584666" scale="4.84599862695397" rotation="0"/></localToWorld></zGroup><zInvisibleFrame><height><double value="952.974128810782"/></height><id><string value="0_15277798"/></id><localToWorld><transform2D x="1.889612266390124E-12" y="2.730596554950156E-13" scale="62.79911882497256" rotation="0"/></localToWorld><styleClasses><array><token value="invisible"/></array></styleClasses><width><double value="1214.50263408031"/></width></zInvisibleFrame><zCircleFrame><height><double value="800"/></height><id><string value="1"/></id><localToWorld><transform2D x="-11460.120894015416" y="12488.452052867531" scale="7.812614726574329" rotation="-0.1801481439739206"/></localToWorld><styleClasses><array><token value="circle"/></array></styleClasses><width><double value="800"/></width></zCircleFrame><zCircleFrame><height><double value="800"/></height><id><string value="2"/></id><localToWorld><transform2D x="-11553.417978591417" y="2695.8150080517335" scale="6.778682159001076" rotation="-0.18014814397392073"/></localToWorld><styleClasses><array><token value="circle"/></array></styleClasses><width><double value="800"/></width></zCircleFrame><zCircleFrame><height><double value="800"/></height><id><string value="3"/></id><localToWorld><transform2D x="11188.823285051076" y="3154.0142708068515" scale="7.944579529170685" rotation="0.1107652397038069"/></localToWorld><styleClasses><array><token value="circle"/></array></styleClasses><width><double value="800"/></width></zCircleFrame><zCircleFrame><height><double value="800"/></height><id><string value="4"/></id><localToWorld><transform2D x="9477.6477711221" y="12464.629993868466" scale="5.7001993131427415" rotation="0.2731138384011916"/></localToWorld><styleClasses><array><token value="circle"/></array></styleClasses><width><double value="800"/></width></zCircleFrame><zCircleFrame><height><double value="800"/></height><id><string value="5"/></id><localToWorld><transform2D x="-468.7368556784809" y="-17621.66313942476" scale="19.019178814099384" rotation="0"/></localToWorld><styleClasses><array><token value="circle"/></array></styleClasses><width><double value="800"/></width></zCircleFrame><zArrow><arcHeight><double value="-13.929075083427003"/></arcHeight><id><string value="6"/></id><localToWorld><transform2D x="-6424.544317853298" y="3706.915146931134" scale="36.83398752807094" rotation="0.3293261670478363"/></localToWorld><startEndDistance><double value="-104.84977950373766"/></startEndDistance><styleClasses><array><token value="line3"/></array></styleClasses></zArrow><zArrow><arcHeight><double value="-16.507408224374196"/></arcHeight><id><string value="7"/></id><localToWorld><transform2D x="-6652.69838969815" y="9174.719195516305" scale="36.83398752807099" rotation="-0.6246534283033247"/></localToWorld><startEndDistance><double value="-101.6416341482377"/></startEndDistance><styleClasses><array><token value="line3"/></array></styleClasses></zArrow><zArrow><arcHeight><double value="-11.50350606423958"/></arcHeight><id><string value="8"/></id><localToWorld><transform2D x="6499.940658374401" y="9109.229702420078" scale="36.833987528071006" rotation="0.7157953168253667"/></localToWorld><startEndDistance><double value="99.67533639427609"/></startEndDistance><styleClasses><array><token value="line3"/></array></styleClasses></zArrow><zArrow><arcHeight><double value="-12.9584887187415"/></arcHeight><id><string value="9"/></id><localToWorld><transform2D x="5466.092417297642" y="3851.4502395419363" scale="36.833987528071" rotation="-0.37578698814965134"/></localToWorld><startEndDistance><double value="87.52674392603012"/></startEndDistance><styleClasses><array><token value="line3"/></array></styleClasses></zArrow><zArrow><id><string value="10"/></id><localToWorld><transform2D x="118.6763709813685" y="-3459.628690464813" scale="36.83398752807099" rotation="-1.5707963267948968"/></localToWorld><startEndDistance><double value="291.10647203591157"/></startEndDistance><styleClasses><array><token value="line1"/></array></styleClasses></zArrow><zLine><id><string value="16"/></id><localToWorld><transform2D x="6111.491870268979" y="-10345.711346286278" scale="46.42222013083267" rotation="0.8187191592756915"/></localToWorld><startEndDistance><double value="38.638835256656506"/></startEndDistance><styleClasses><array><token value="line3"/></array></styleClasses></zLine><zLine><id><string value="17"/></id><localToWorld><transform2D x="8949.825415573714" y="-15752.153293093408" scale="46.42222013083265" rotation="0.273113838401191"/></localToWorld><startEndDistance><double value="38.638835256656506"/></startEndDistance><styleClasses><array><token value="line3"/></array></styleClasses></zLine><zLine><id><string value="18"/></id><localToWorld><transform2D x="8457.707276743522" y="-21820.148525544377" scale="46.42222013083265" rotation="-0.3854738822626004"/></localToWorld><startEndDistance><double value="38.638835256656506"/></startEndDistance><styleClasses><array><token value="line3"/></array></styleClasses></zLine><zLine><id><string value="19"/></id><localToWorld><transform2D x="5285.004245698482" y="-26070.661575588525" scale="46.42222013083255" rotation="-0.9310792031370987"/></localToWorld><startEndDistance><double value="38.638835256656506"/></startEndDistance><styleClasses><array><token value="line3"/></array></styleClasses></zLine><zLine><id><string value="20"/></id><localToWorld><transform2D x="-742.4657257755641" y="-27628.39170608418" scale="46.42222013083248" rotation="-1.5852525052527986"/></localToWorld><startEndDistance><double value="38.638835256656506"/></startEndDistance><styleClasses><array><token value="line3"/></array></styleClasses></zLine><zLine><id><string value="21"/></id><localToWorld><transform2D x="-6717.509368695106" y="-25908.191631182544" scale="46.422220130832514" rotation="-2.1467594085141397"/></localToWorld><startEndDistance><double value="38.638835256656506"/></startEndDistance><styleClasses><array><token value="line3"/></array></styleClasses></zLine><zLine><id><string value="22"/></id><localToWorld><transform2D x="-9922.918551349048" y="-21488.482486058878" scale="46.42222013083253" rotation="-2.8053471291779313"/></localToWorld><startEndDistance><double value="38.638835256656506"/></startEndDistance><styleClasses><array><token value="line3"/></array></styleClasses></zLine><zLine><id><string value="23"/></id><localToWorld><transform2D x="-10355.609779465361" y="-15587.777377332444" scale="46.42222013083255" rotation="2.895646518262479"/></localToWorld><startEndDistance><double value="38.638835256656506"/></startEndDistance><styleClasses><array><token value="line3"/></array></styleClasses></zLine><zLine><id><string value="24"/></id><localToWorld><transform2D x="-7282.287003144206" y="-10432.084799377779" scale="46.42222013083259" rotation="2.215328343688316"/></localToWorld><startEndDistance><double value="38.638835256656506"/></startEndDistance><styleClasses><array><token value="line3"/></array></styleClasses></zLine><zText><id><string value="0_13415665"/></id><localToWorld><transform2D x="4.368954487920249E-12" y="20019.336866080415" scale="87.52009975407495" rotation="0"/></localToWorld><styleClasses><array><token value="title"/></array></styleClasses><text><text><width>490.65722573217215</width><p align="center"><span><![CDATA[Mining the data with agent-based modelling]]></span></p></text></text></zText><zText><id><string value="12_4"/></id><localToWorld><transform2D x="-11766.34270184661" y="10374.075079142553" scale="24.11286843297801" rotation="-0.18014814397392062"/></localToWorld><styleClasses><array><token value="subtitle"/></array></styleClasses><text><text><width>220.4993900181616</width><p align="center"><span style="normal"><![CDATA[Roman Trade]]></span></p></text></text></zText><zImage><assetSourceFilename><string value="eiropa-tirdznieciba.jpg"/></assetSourceFilename><height><double value="1200"/></height><id><string value="11"/></id><localToWorld><transform2D x="-11190.737400909136" y="13871.300609833175" scale="1.6860617251565004" rotation="-0.1801481439739206"/></localToWorld><onlineAssetId><string value="4721037620"/></onlineAssetId><onlineAssetUrl><string value="http://0103.static.prezi.com.s3.amazonaws.com/media/5/9/b/c42d24d9d638943893958693a434d47ff75bd.jpg"/></onlineAssetUrl><width><double value="1800"/></width></zImage><zText><id><string value="0_30863873"/></id><localToWorld><transform2D x="9809.020037838674" y="11563.95985835504" scale="12.566504016715202" rotation="0.2731138384011918"/></localToWorld><styleClasses><array><token value="subtitle"/></array></styleClasses><text><text><width>235.73549616631675</width><p align="center"><span style="normal"><![CDATA[Trade is a complex dynamical system]]></span></p></text></text></zText><zText><id><string value="1_30863873"/></id><localToWorld><transform2D x="9508.82964001724" y="12508.593185183123" scale="7.250809390695804" rotation="0.2731138384011916"/></localToWorld><styleClasses><array><token value="title"/></array></styleClasses><text><text><width>507.4695794195235</width><p><span><![CDATA[COMPLEX - consisting of multiple elements interacting with each other in a non-linear way. The properties of the system are difficult to infer from the properties of its individual elements.]]></span></p></text></text></zText><zText><id><string value="2_30863873"/></id><localToWorld><transform2D x="-11737.333299099755" y="1438.326530142685" scale="14.944097898948245" rotation="-0.18014814397392034"/></localToWorld><styleClasses><array><token value="subtitle"/></array></styleClasses><text><text><width>253.9126910514301</width><p align="center"><span style="normal"><![CDATA[Modelling to the rescue (?)]]></span></p></text></text></zText><zSwfGraphics><assetSourceFilename><string value="oval_bubble.swf"/></assetSourceFilename><height><double value="95"/></height><id><string value="25"/></id><localToWorld><transform2D x="-11751.735870353568" y="4406.328378100095" scale="15.152500717902392" rotation="2.955569420132373"/></localToWorld><onlineAssetId><string value="750592741"/></onlineAssetId><onlineAssetUrl><string value="http://0103.static.prezi.com.s3.amazonaws.com/media/d/6/6/7ab4828a4c65805c5465ec431de415ae06ba2.swf"/></onlineAssetUrl><width><double value="136"/></width></zSwfGraphics><zText><id><string value="3_30863873"/></id><localToWorld><transform2D x="-11224.778712012547" y="2800.5281566520835" scale="12.071736684431752" rotation="-0.18014814397392073"/></localToWorld><styleClasses><array><token value="title"/></array></styleClasses><text><text><width>390.9237784827681</width><p><span><![CDATA[Two main problems with data:]]></span></p><p/><p indent="1" listType="bullet"><span><![CDATA[incompatibility of datasets]]></span></p><p/><p indent="1" listType="bullet"><span><![CDATA[incompleteness of data]]></span></p></text></text></zText><zText><id><string value="4_30863873"/></id><localToWorld><transform2D x="11353.02301209479" y="1413.1715909333552" scale="17.514403458533344" rotation="0.11076523970380703"/></localToWorld><styleClasses><array><token value="subtitle"/></array></styleClasses><text><text><width>220.4993900181616</width><p align="center"><span style="normal"><![CDATA[Simulation]]></span></p></text></text></zText><zText><id><string value="5_30863873"/></id><localToWorld><transform2D x="11287.888876957644" y="2000.6293312175578" scale="10.105722395078963" rotation="0.1107652397038069"/></localToWorld><styleClasses><array><token value="title"/></array></styleClasses><text><text><width>357.3645722792987</width><p align="center"><span><![CDATA[A family of methods used by virtually all disciplines of science. ]]></span></p></text></text></zText><zText><id><string value="6_30863873"/></id><localToWorld><transform2D x="-430.96354380004107" y="-21920.08246336531" scale="41.92916314539048" rotation="0"/></localToWorld><styleClasses><array><token value="body"/></array></styleClasses><text><text><width>238.57568286711555</width><p align="center"><span><![CDATA[Simple model of exchange]]></span></p></text></text></zText><zText><id><string value="7_30863873"/></id><localToWorld><transform2D x="-626.3937518936484" y="-13278.921739475378" scale="24.19291550571456" rotation="0"/></localToWorld><styleClasses><array><token value="body"/></array></styleClasses><text><text><width>434.15365392609016</width><p align="center"><span><![CDATA[You will find the model and a tutorial at the simulatingcomplexity.wordpress.com ]]></span></p></text></text></zText><zText><id><string value="0"/></id><localToWorld><transform2D x="234.0610748022442" y="22483.883493628677" scale="52.856033721837456" rotation="0"/></localToWorld><styleClasses><array><token value="subtitle"/></array></styleClasses><text><text><width>742.316115694338</width><p><span style="normal"><![CDATA[Iza Romanowska                                      Barcelona Supercomputing Centre]]></span></p></text></text></zText><zText><id><string value="12"/></id><localToWorld><transform2D x="-11576.162902035612" y="11675.694928116627" scale="17.223477452127156" rotation="-0.18014814397392068"/></localToWorld><styleClasses><array><token value="title"/></array></styleClasses><text><text><width>342.24249744627895</width><p align="center"><span><![CDATA[The ultimate goal is to understand the economic processes that played part in shaping Roman trade. ]]></span></p></text></text></zText><zText><id><string value="13"/></id><localToWorld><transform2D x="8820.434688322915" y="13025.903824816962" scale="7.250809390695804" rotation="0.2731138384011916"/></localToWorld><styleClasses><array><token value="title"/></array></styleClasses><text><text><width>-363.02399999999994</width><p><span><![CDATA[DYNAMICAL - it changes over time.]]></span></p></text></text></zText><zSwfGraphics><assetSourceFilename><string value="dream.swf"/></assetSourceFilename><height><double value="130"/></height><id><string value="15"/></id><localToWorld><transform2D x="-10722.419568593687" y="1503.5627346701615" scale="16.881038983856264" rotation="-0.18014814397391987"/></localToWorld><onlineAssetId><string value="606327385"/></onlineAssetId><onlineAssetUrl><string value="http://0103.static.prezi.com.s3.amazonaws.com/media/4/e/f/e7008d42bd0128e2f96a95068ffaa469622bd.swf"/></onlineAssetUrl><width><double value="123"/></width></zSwfGraphics><zText><id><string value="14"/></id><localToWorld><transform2D x="-10510.935960216722" y="1286.0744809673165" scale="9.354512273148444" rotation="-0.18014814397392087"/></localToWorld><styleClasses><array><token value="body"/></array></styleClasses><text><text><width>172.98926056093168</width><p><span color="16749190"><![CDATA[we only need distributions - large trends]]></span></p></text></text></zText><zText><id><string value="27"/></id><localToWorld><transform2D x="-11681.15269604849" y="4361.459466278543" scale="8.622669060308393" rotation="-0.18014814397392018"/></localToWorld><styleClasses><array><token value="body"/></array></styleClasses><text><text><width>183.53434349645204</width><p><span color="16749190"><![CDATA[Easier to identify gaps when you have a benchmark]]></span></p></text></text></zText><zText><id><string value="30"/></id><localToWorld><transform2D x="11201.592569062344" y="2790.8755055968454" scale="10.105722395078965" rotation="0.11076523970380703"/></localToWorld><styleClasses><array><token value="title"/></array></styleClasses><text><text><width>-269.11199999999997</width><p><span><![CDATA[A model + time dimension]]></span></p></text></text></zText><zImage><assetSourceFilename><string value="Screen Shot 2017-02-14 at 11.56.36.png"/></assetSourceFilename><height><double value="504"/></height><id><string value="31"/></id><localToWorld><transform2D x="11047.10628471444" y="4335.744878224645" scale="5.074611112338987" rotation="0.11076523970380711"/></localToWorld><onlineAssetId><string value="4721046517"/></onlineAssetId><onlineAssetUrl><string value="http://0103.static.prezi.com.s3.amazonaws.com/media/2/6/3/8cd25fa30d22e2d3d6d46ac51b4c3d62c798c.png"/></onlineAssetUrl><width><double value="605"/></width></zImage><zText><id><string value="32"/></id><localToWorld><transform2D x="11339.95977755959" y="5675.610789083066" scale="8.755680490500135" rotation="0.11076523970380697"/></localToWorld><styleClasses><array><token value="title"/></array></styleClasses><text><text><width>-198.96</width><p><span><![CDATA[Bullock 2014, fig.1b]]></span></p></text></text></zText><zCircleFrame><height><double value="800"/></height><id><string value="37"/></id><localToWorld><transform2D x="6916.4387509698845" y="-3090.0210421392926" scale="7.944579529170685" rotation="0.1107652397038069"/></localToWorld><styleClasses><array><token value="circle"/></array></styleClasses><width><double value="800"/></width></zCircleFrame><zArrow><arcHeight><double value="-12.9584887187415"/></arcHeight><id><string value="38"/></id><localToWorld><transform2D x="3304.201934663306" y="743.9008644876062" scale="36.83398752807099" rotation="-0.8565373060735777"/></localToWorld><startEndDistance><double value="102.9799316396558"/></startEndDistance><styleClasses><array><token value="line3"/></array></styleClasses></zArrow><zCircleFrame><height><double value="800"/></height><id><string value="40"/></id><localToWorld><transform2D x="-7615.280920813465" y="-3113.3190660036494" scale="6.778682159001076" rotation="-0.18014814397392073"/></localToWorld><styleClasses><array><token value="circle"/></array></styleClasses><width><double value="800"/></width></zCircleFrame><zArrow><arcHeight><double value="-13.929075083427003"/></arcHeight><id><string value="41"/></id><localToWorld><transform2D x="-2696.8147464899766" y="-210.13962417944649" scale="36.83398752807095" rotation="0.9629932418108111"/></localToWorld><startEndDistance><double value="-137.55432154950194"/></startEndDistance><styleClasses><array><token value="line3"/></array></styleClasses></zArrow><zText><id><string value="42"/></id><localToWorld><transform2D x="-7799.1962413218025" y="-4370.807543912699" scale="14.944097898948245" rotation="-0.18014814397392018"/></localToWorld><styleClasses><array><token value="subtitle"/></array></styleClasses><text><text><width>253.9126910514301</width><p align="center"><span style="normal"><![CDATA[Three heuristic uses of simulation]]></span></p></text></text></zText><zText><id><string value="44"/></id><localToWorld><transform2D x="-7212.063959287343" y="-2764.336945547087" scale="12.071736684431752" rotation="-0.1801481439739209"/></localToWorld><styleClasses><array><token value="title"/></array></styleClasses><text><text><width>390.9237784827681</width><p indent="1" listType="bullet"><span><![CDATA[Tool to think with (formalism)]]></span></p><p/><p indent="1" listType="bullet"><span><![CDATA[Theory building]]></span></p><p/><p indent="1" listType="bullet"><span><![CDATA[Hypotheses testing]]></span></p></text></text></zText><zText><id><string value="49"/></id><localToWorld><transform2D x="7308.373919017504" y="-4532.096663599167" scale="17.514403458533344" rotation="0.11076523970380692"/></localToWorld><styleClasses><array><token value="subtitle"/></array></styleClasses><text><text><width>307.0362052413668</width><p><span style="normal"><![CDATA[Models from first principles]]></span></p></text></text></zText><zImage><assetSourceFilename><string value="Screen Shot 2017-02-14 at 12.03.25.png"/></assetSourceFilename><height><double value="217"/></height><id><string value="50"/></id><localToWorld><transform2D x="6864.030164903452" y="-3205.670511115464" scale="8.28093122748725" rotation="0.1107652397038069"/></localToWorld><onlineAssetId><string value="4721048756"/></onlineAssetId><onlineAssetUrl><string value="http://0103.static.prezi.com.s3.amazonaws.com/media/e/b/9/a840861977f46001e8ff9d0cc911729121cd4.png"/></onlineAssetUrl><width><double value="509"/></width></zImage><zLine><id><string value="51"/></id><localToWorld><transform2D x="6772.395480775189" y="-2311.9083797185926" scale="9.607432521384888" rotation="0.1107652347316846"/></localToWorld><startEndDistance><double value="426.9981395277478"/></startEndDistance><styleClasses><array><token value="line1"/></array></styleClasses></zLine><zLine><id><string value="52"/></id><localToWorld><transform2D x="6813.2850224396625" y="-2711.2631001505915" scale="9.607432521384908" rotation="0.1107652347316846"/></localToWorld><startEndDistance><double value="427.72783717487664"/></startEndDistance><styleClasses><array><token value="line1"/></array></styleClasses></zLine><zLine><id><string value="53"/></id><localToWorld><transform2D x="4752.494370994456" y="-2738.4532028424774" scale="9.6074325213849" rotation="1.6654317929846076"/></localToWorld><startEndDistance><double value="-41.731830238147396"/></startEndDistance><styleClasses><array><token value="line1"/></array></styleClasses></zLine><zLine><id><string value="55"/></id><localToWorld><transform2D x="8829.787377270253" y="-2284.7335451905224" scale="9.607432521384899" rotation="1.6654317929846072"/></localToWorld><startEndDistance><double value="-41.73183023814739"/></startEndDistance><styleClasses><array><token value="line1"/></array></styleClasses></zLine><zText><id><string value="56"/></id><localToWorld><transform2D x="8233.449577920353" y="-2287.079869164549" scale="6.382800094217691" rotation="0.11076523970380692"/></localToWorld><styleClasses><array><token value="title"/></array></styleClasses><text><text><width>158.59199999999998</width><p align="right"><span><![CDATA[page 379]]></span></p></text></text></zText><zText><id><string value="57"/></id><localToWorld><transform2D x="6816.233188109562" y="-1965.2308796981547" scale="12.510288184666672" rotation="0.11076523970380692"/></localToWorld><styleClasses><array><token value="title"/></array></styleClasses><text><text><width>235.99111296938904</width><p><span><![CDATA[most basic ingredients]]></span></p></text></text></zText><zText><id><string value="58"/></id><localToWorld><transform2D x="6953.921266547009" y="-1591.6352034446556" scale="12.510288184666672" rotation="0.11076523970380692"/></localToWorld><styleClasses><array><token value="title"/></array></styleClasses><text><text><width>352.3762835947306</width><p><span><![CDATA[most certain rules of behaviour]]></span></p></text></text></zText><zText><id><string value="59"/></id><localToWorld><transform2D x="6678.413738697457" y="-1029.1439607214547" scale="12.510288184666672" rotation="0.11076523970380692"/></localToWorld><styleClasses><array><token value="body"/></array></styleClasses><text><text><width>-142.8</width><p><span weight="bold" color="15478355"><![CDATA[BENCHMARK]]></span></p></text></text></zText><zBracketFrame><height><double value="600"/></height><id><string value="60"/></id><localToWorld><transform2D x="-4151.251499583896" y="-18821.591331374493" scale="5.001639364729114" rotation="0"/></localToWorld><styleClasses><array><token value="bracket"/></array></styleClasses><width><double value="800"/></width></zBracketFrame><zBracketFrame><height><double value="600"/></height><id><string value="64"/></id><localToWorld><transform2D x="3230.7393711287145" y="-18821.591331374493" scale="5.001639364729114" rotation="0"/></localToWorld><styleClasses><array><token value="bracket"/></array></styleClasses><width><double value="800"/></width></zBracketFrame><zBracketFrame><height><double value="600"/></height><id><string value="65"/></id><localToWorld><transform2D x="-476.2884672476525" y="-15694.372045663704" scale="5.001639364729114" rotation="0"/></localToWorld><styleClasses><array><token value="bracket"/></array></styleClasses><width><double value="800"/></width></zBracketFrame><zText><id><string value="66"/></id><localToWorld><transform2D x="-4744.750643592448" y="-19937.950971778115" scale="4.803716260692454" rotation="0"/></localToWorld><styleClasses><array><token value="body"/></array></styleClasses><text><text><width>500.688</width><p><span color="15478355"><![CDATA[The goal]]></span><span><![CDATA[: understand what economic processes are behind the trends in distribution curves. ]]></span></p></text></text></zText><zText><id><string value="67"/></id><localToWorld><transform2D x="-4621.295135692653" y="-19549.330326288098" scale="4.803716260692454" rotation="0"/></localToWorld><styleClasses><array><token value="body"/></array></styleClasses><text><text><width>552</width><p><span color="15478355"><![CDATA[The model]]></span><span><![CDATA[: model of exchange between a production centre and markets located at different distances.]]></span></p></text></text></zText><zImage><assetSourceFilename><string value="Screen Shot 2017-02-06 at 12.30.26.png"/></assetSourceFilename><height><double value="445"/></height><id><string value="68"/></id><localToWorld><transform2D x="-4300.887261104466" y="-18424.20390370871" scale="3.4603669991508794" rotation="0"/></localToWorld><onlineAssetId><string value="4721052659"/></onlineAssetId><onlineAssetUrl><string value="http://0103.static.prezi.com.s3.amazonaws.com/media/c/4/5/a5aa99e57989f2fcaef4049c42e69994232e3.png"/></onlineAssetUrl><width><double value="548"/></width></zImage><zText><id><string value="69"/></id><localToWorld><transform2D x="-3368.485934904056" y="-19032.33036373117" scale="4.803716260692454" rotation="0"/></localToWorld><styleClasses><array><token value="body"/></array></styleClasses><text><text><width>-179.42399999999998</width><p><span><![CDATA[production centre]]></span></p></text></text></zText><zText><id><string value="70"/></id><localToWorld><transform2D x="-5311.10879072809" y="-18962.316199231554" scale="4.803716260692454" rotation="0"/></localToWorld><styleClasses><array><token value="body"/></array></styleClasses><text><text><width>192.984</width><p><span><![CDATA[market close to the production centre]]></span></p></text></text></zText><zText><id><string value="71"/></id><localToWorld><transform2D x="-2824.5851612871575" y="-17905.978993505185" scale="4.803716260692454" rotation="0"/></localToWorld><styleClasses><array><token value="body"/></array></styleClasses><text><text><width>212.20584529869387</width><p><span><![CDATA[market far from the production centre]]></span></p></text></text></zText><zArrow><arcHeight><double value="-32.35138476980061"/></arcHeight><id><string value="72"/></id><localToWorld><transform2D x="-4159.1858321291065" y="-18776.513666962117" scale="3.4312259004946104" rotation="-0.9612693357325681"/></localToWorld><startEndDistance><double value="-201.1229242602722"/></startEndDistance><styleClasses><array><token value="line1"/></array></styleClasses></zArrow><zArrow><arcHeight><double value="49.97609866532959"/></arcHeight><id><string value="73"/></id><localToWorld><transform2D x="-4983.180518523812" y="-18497.393112045702" scale="3.431225900494611" rotation="0.34050452521806274"/></localToWorld><startEndDistance><double value="285.11813815364894"/></startEndDistance><styleClasses><array><token value="line3"/></array></styleClasses></zArrow><zArrow><arcHeight><double value="-50.67707130677086"/></arcHeight><id><string value="74"/></id><localToWorld><transform2D x="-3272.068089979966" y="-18302.829260981645" scale="3.43122590049461" rotation="0.6264739365164644"/></localToWorld><startEndDistance><double value="-177.70366952024034"/></startEndDistance><styleClasses><array><token value="line3"/></array></styleClasses></zArrow><zText><id><string value="76"/></id><localToWorld><transform2D x="3206.3605111057004" y="-20003.785903130905" scale="6.725202764969435" rotation="0"/></localToWorld><styleClasses><array><token value="body"/></array></styleClasses><text><text><width>-183.48000000000002</width><p><span weight="bold"><![CDATA[At each time step:]]></span></p></text></text></zText><zImage><assetSourceFilename><string value="http://0103.static.prezi.com.s3.amazonaws.com/media/8/a/b/61bcaaa3f22e3ca7280cc8ac29f696f403983.png"/></assetSourceFilename><height><double value="136"/></height><id><string value="82"/></id><localToWorld><transform2D x="3245.4370546936793" y="-17940.10202314376" scale="3.8577217958866736" rotation="0"/></localToWorld><onlineAssetId><string value="4721102782"/></onlineAssetId><onlineAssetUrl><string value="http://0103.static.prezi.com.s3.amazonaws.com/media/8/a/b/61bcaaa3f22e3ca7280cc8ac29f696f403983.png"/></onlineAssetUrl><width><double value="650"/></width></zImage><zText><id><string value="77"/></id><localToWorld><transform2D x="3284.180714528918" y="-19055.532313270214" scale="5.976521300901953" rotation="0"/></localToWorld><styleClasses><array><token value="body"/></array></styleClasses><text><text><width>538.8268237768679</width><p indent="1" listType="bullet"><span><![CDATA[production centre produces goods (]]></span><span color="15478355"><![CDATA[production]]></span><span><![CDATA[)]]></span></p><p indent="1" listType="bullet"><span><![CDATA[they are distributed to the closest 4 markets]]></span></p><p indent="1" listType="bullet"><span><![CDATA[they trade all goods over their ]]></span><span color="15478355"><![CDATA[storage threshold]]></span></p><p indent="1" listType="bullet"><span><![CDATA[the trade is only towards markets further away]]></span></p><p indent="1" listType="bullet"><span><![CDATA[markets will take any amount of goods until their storage capacity is reached (]]></span><span color="15478355"><![CDATA[storage]]></span><span><![CDATA[)]]></span></p><p indent="1" listType="bullet"><span><![CDATA[at the end of the time step each markets consumes one unit of goods]]></span></p></text></text></zText><zImage><assetSourceFilename><string value="low_production.jpeg"/></assetSourceFilename><height><double value="1088"/></height><id><string value="80"/></id><localToWorld><transform2D x="-1701.956671163333" y="-14789.374783381387" scale="0.7266462066067223" rotation="0"/></localToWorld><onlineAssetId><string value="4721062994"/></onlineAssetId><onlineAssetUrl><string value="http://0103.static.prezi.com.s3.amazonaws.com/media/5/6/0/891416b15bddad653972131d093d70837d865.jpeg"/></onlineAssetUrl><width><double value="785"/></width></zImage><zImage><assetSourceFilename><string value="storage.jpeg"/></assetSourceFilename><height><double value="1088"/></height><id><string value="4_3425417"/></id><localToWorld><transform2D x="987.2837844788135" y="-14806.405094874695" scale="0.7369750238704958" rotation="0"/></localToWorld><onlineAssetId><string value="4721104260"/></onlineAssetId><onlineAssetUrl><string value="http://0103.static.prezi.com.s3.amazonaws.com/media/a/d/d/a65da8c49d5cb13d7b699ff09026ea98b86b5.jpeg"/></onlineAssetUrl><width><double value="785"/></width></zImage><zText><id><string value="78"/></id><localToWorld><transform2D x="-488.7781295254528" y="-16890.737580389166" scale="17.195180278967282" rotation="0"/></localToWorld><styleClasses><array><token value="title"/></array></styleClasses><text><text><width>-74.92800000000001</width><p><span color="3518377"><![CDATA[Results]]></span></p></text></text></zText><zText><id><string value="79"/></id><localToWorld><transform2D x="-439.7802236663897" y="-16471.9724780141" scale="4.803716260692454" rotation="0"/></localToWorld><styleClasses><array><token value="body"/></array></styleClasses><text><text><width>699.2598337888396</width><p><span><![CDATA[1.   Low production -> goods do not reach further away markets]]></span></p><p indent="1"><span><![CDATA[(but medium and high production level very similar).]]></span></p></text></text></zText><zImage><assetSourceFilename><string value="curves.jpeg"/></assetSourceFilename><height><double value="557"/></height><id><string value="86"/></id><localToWorld><transform2D x="-679.1253863553916" y="-14789.351902149247" scale="1.287302951589165" rotation="0"/></localToWorld><onlineAssetId><string value="4721069087"/></onlineAssetId><onlineAssetUrl><string value="http://0103.static.prezi.com.s3.amazonaws.com/media/1/2/f/c7071b6a23c52c2ed9c2fcb27ef5f5788ed4c.jpeg"/></onlineAssetUrl><width><double value="906"/></width></zImage><zText><id><string value="83"/></id><localToWorld><transform2D x="-443.1428250488742" y="-15421.376850568546" scale="4.803716260692454" rotation="0"/></localToWorld><styleClasses><array><token value="body"/></array></styleClasses><text><text><width>-670.7040000000002</width><p><span><![CDATA[4.   Production level is not enough - trading capacity (storage) is key]]></span></p><p indent="1"><span><![CDATA[(again only to a point).]]></span></p></text></text></zText><zText><id><string value="85"/></id><localToWorld><transform2D x="-519.2817277808506" y="-16081.047186068141" scale="4.803716260692454" rotation="0"/></localToWorld><styleClasses><array><token value="body"/></array></styleClasses><text><text><width>-662.568</width><p><span><![CDATA[2.   The difference in the uptake curves are directly proportional to ]]></span></p><p indent="1"><span><![CDATA[the distance from the production centre.]]></span></p></text></text></zText><zArrow><arcHeight><double value="27.514913780843585"/></arcHeight><id><string value="88"/></id><localToWorld><transform2D x="-1210.6035821840292" y="-14890.34405307163" scale="2.401858130346226" rotation="1.7114661658883055"/></localToWorld><startEndDistance><double value="177.19604125486697"/></startEndDistance><styleClasses><array><token value="line1"/></array></styleClasses></zArrow><zArrow><arcHeight><double value="25.53247827679428"/></arcHeight><id><string value="89"/></id><localToWorld><transform2D x="-776.2959676014274" y="-14497.00337016411" scale="2.4018581303462265" rotation="0.03884370191922522"/></localToWorld><startEndDistance><double value="-145.4460393177755"/></startEndDistance><styleClasses><array><token value="line1"/></array></styleClasses></zArrow><zText><id><string value="90"/></id><localToWorld><transform2D x="-399.06872835702103" y="-14557.452499664314" scale="1.7156129502473052" rotation="0"/></localToWorld><styleClasses><array><token value="title"/></array></styleClasses><text><text><width>-308.712</width><p><span weight="normal"><![CDATA[Far from the production centre]]></span></p></text></text></zText><zText><id><string value="91"/></id><localToWorld><transform2D x="-879.2173247427343" y="-15113.568437487003" scale="1.7156129502473052" rotation="0"/></localToWorld><styleClasses><array><token value="title"/></array></styleClasses><text><text><width>-305.664</width><p><span weight="normal"><![CDATA[Close to the production centre]]></span></p></text></text></zText><zImage><assetSourceFilename><string value="storage_threshold.jpeg"/></assetSourceFilename><height><double value="1088"/></height><id><string value="0_3425417"/></id><localToWorld><transform2D x="321.75344301513985" y="-14803.10270608325" scale="0.7602581783789354" rotation="0"/></localToWorld><onlineAssetId><string value="4721099188"/></onlineAssetId><onlineAssetUrl><string value="http://0103.static.prezi.com.s3.amazonaws.com/media/7/c/1/6ce77b9805620ce2a090b2e3557e88a594633.jpeg"/></onlineAssetUrl><width><double value="785"/></width></zImage><zText><id><string value="84"/></id><localToWorld><transform2D x="-373.1286605492823" y="-15788.9705619836" scale="4.955479433513436" rotation="0"/></localToWorld><styleClasses><array><token value="body"/></array></styleClasses><text><text><width>704.7</width><p><span><![CDATA[3.   The more the markets keep for themselves the fewer fluctuations.]]></span></p></text></text></zText></array></zObjects></prezi>